2025-12-04 22:19:36,3,"whoami"
2025-12-04 22:19:36,2,"__serverinfo"
2025-12-04 22:19:36,3,"date"
2025-12-04 22:19:36,2,"__clients"
2025-12-04 22:19:36,3,"uname -r"
2025-12-04 22:19:36,2,"pwd"
2025-12-04 22:19:36,3,"__clients"
2025-12-04 22:19:36,2,"__get /etc/hostname"
2025-12-04 22:19:36,3,"exit"
2025-12-04 22:19:36,2,"__history"
2025-12-04 22:19:36,2,"__help"
2025-12-04 22:19:36,2,"exit"
2025-12-04 22:19:43,2,"exit"
2025-12-04 22:19:43,3,"exit"
2025-12-04 22:19:52,2,"exit"
2025-12-04 22:19:52,3,"exit"
